Model,Execution Time (s),Silhouette Score
RFM Analysis,0.1293604373931884,0.0
KMean Clustering,0.0530343055725097,0.6626514024494682
Hierachical Clustering,21.82139801979065,0.6067529823165326
