Model,Execution Time (s),Silhouette Score
RFM Analysis,0.2736890316009521,0.0
KMean Clustering,0.0882506370544433,0.6768744897307788
Hierachical Clustering,34.12760543823242,0.6250919792198552
